[{"caseTaskId": 2406958, "arn": "AD3308230911561", "stcd": null, "priority": null, "caseTpeCd": "ADJSR", "caseId": 5765142, "status": "OPEN", "assignmentDt": 1693420200000, "completionDt": null, "taxOfficalId": null, "isRead": "N", "remarks": null, "taskDesc": "Notice for intimating discrepancies in return in Form GST ASMT-10", "insertTimeStamp": null, "updateTimeStamp": null, "caseTypeName": "SCRUTINY OF RETURNS", "gstRefId": null, "gstIn": "33AAKCP2084J1Z9", "userId": null, "ipAddress": null, "stateJursdCd": null, "refId": "ZD330823183136D", "caseFolderItemId": null, "alertCd": null, "assgnDtStr": null, "complDtStr": null, "tranType": null, "sh": null, "enqStateCd": null}, {"caseTaskId": 2790990, "arn": "AD3308230911561", "stcd": null, "priority": null, "caseTpeCd": "ADJSR", "caseId": 5765142, "status": "OPEN", "assignmentDt": 1696444200000, "completionDt": null, "taxOfficalId": null, "isRead": "N", "remarks": null, "taskDesc": "Order to drop proceedings in Form GST ASMT-12", "insertTimeStamp": null, "updateTimeStamp": null, "caseTypeName": "SCRUTINY OF RETURNS", "gstRefId": null, "gstIn": "33AAKCP2084J1Z9", "userId": null, "ipAddress": null, "stateJursdCd": null, "refId": "ZD3310230167510", "caseFolderItemId": null, "alertCd": null, "assgnDtStr": null, "complDtStr": null, "tranType": null, "sh": null, "enqStateCd": null}, {"caseTaskId": 5191430, "arn": "AD330524092869J", "stcd": null, "priority": null, "caseTpeCd": "ADJDT", "caseId": 8820881, "status": "OPEN", "assignmentDt": 1717007400000, "completionDt": null, "taxOfficalId": null, "isRead": "N", "remarks": null, "taskDesc": "Show Cause Notice and Summary thereof in Form GST DRC-01", "insertTimeStamp": null, "updateTimeStamp": null, "caseTypeName": "DETERMINATION OF TAX", "gstRefId": null, "gstIn": "33AAKCP2084J1Z9", "userId": null, "ipAddress": null, "stateJursdCd": null, "refId": "ZD330524303854J", "caseFolderItemId": null, "alertCd": null, "assgnDtStr": null, "complDtStr": null, "tranType": null, "sh": null, "enqStateCd": null}, {"caseTaskId": 5996984, "arn": "AD330524092869J", "stcd": null, "priority": null, "caseTpeCd": "ADJDT", "caseId": 8820881, "status": "OPEN", "assignmentDt": 1722018600000, "completionDt": null, "taxOfficalId": null, "isRead": "N", "remarks": null, "taskDesc": "Intimation of issue of reminder in  Form GST DRC-01", "insertTimeStamp": null, "updateTimeStamp": null, "caseTypeName": "DETERMINATION OF TAX", "gstRefId": null, "gstIn": "33AAKCP2084J1Z9", "userId": null, "ipAddress": null, "stateJursdCd": null, "refId": "ZD330724326366D", "caseFolderItemId": null, "alertCd": null, "assgnDtStr": null, "complDtStr": null, "tranType": null, "sh": null, "enqStateCd": null}, {"caseTaskId": 6062297, "arn": "AD330524092869J", "stcd": null, "priority": null, "caseTpeCd": "ADJDT", "caseId": 8820881, "status": "OPEN", "assignmentDt": 1722537000000, "completionDt": null, "taxOfficalId": null, "isRead": "N", "remarks": null, "taskDesc": "Intimation of issue of reminder in  Form GST DRC-01", "insertTimeStamp": null, "updateTimeStamp": null, "caseTypeName": "DETERMINATION OF TAX", "gstRefId": null, "gstIn": "33AAKCP2084J1Z9", "userId": null, "ipAddress": null, "stateJursdCd": null, "refId": "ZD330824019113S", "caseFolderItemId": null, "alertCd": null, "assgnDtStr": null, "complDtStr": null, "tranType": null, "sh": null, "enqStateCd": null}, {"caseTaskId": 6234391, "arn": "AD330524092869J", "stcd": null, "priority": null, "caseTpeCd": "ADJDT", "caseId": 8820881, "status": "OPEN", "assignmentDt": 1724005800000, "completionDt": null, "taxOfficalId": null, "isRead": "N", "remarks": null, "taskDesc": "Intimation of issue of reminder in  Form GST DRC-01", "insertTimeStamp": null, "updateTimeStamp": null, "caseTypeName": "DETERMINATION OF TAX", "gstRefId": null, "gstIn": "33AAKCP2084J1Z9", "userId": null, "ipAddress": null, "stateJursdCd": null, "refId": "ZD330824152040V", "caseFolderItemId": null, "alertCd": null, "assgnDtStr": null, "complDtStr": null, "tranType": null, "sh": null, "enqStateCd": null}]