[{"caseFolderId": 51455092, "caseFolderTypeCd": "INTIM", "caseFolderTypeName": "INTIMATIONS", "caseTypeCd": null, "stateJursdCd": null, "userId": null, "ipAddress": null, "accessType": "W", "casefolderseq": 1}, {"caseFolderId": 51455093, "caseFolderTypeCd": "NOTCE", "caseFolderTypeName": "NOTICES", "caseTypeCd": null, "stateJursdCd": null, "userId": null, "ipAddress": null, "accessType": "R", "casefolderseq": 2}, {"caseFolderId": 51455097, "caseFolderTypeCd": "REPLY", "caseFolderTypeName": "REPLIES", "caseTypeCd": null, "stateJursdCd": null, "userId": null, "ipAddress": null, "accessType": "W", "casefolderseq": 3}, {"caseFolderId": 51455094, "caseFolderTypeCd": "ORDRS", "caseFolderTypeName": "ORDERS", "caseTypeCd": null, "stateJursdCd": null, "userId": null, "ipAddress": null, "accessType": "R", "casefolderseq": 5}]