[{"noticeOrderId": "ZA330524252009S", "issuedBy": "Tamil Nadu", "type": "Order", "dtOfIssue": "28/05/2024", "descr": "Registration Certificate", "applnId": 37269404, "dueDate": "NA", "amount": "NA", "isRead": "N", "docId": 117888836, "applnCd": "APLAC", "appDefId": null, "pdfDownloadURL": null, "status": null, "action": null, "insertTmstmp": "28/05/2024 14:21:16", "apprAuth": null, "authStatus": "APR", "suppDcxTxofr": null, "suppDocId": null}, {"noticeOrderId": "ZA330524003707T", "issuedBy": "Tamil Nadu", "type": "Order", "dtOfIssue": "02/05/2024", "descr": "Registration Certificate", "applnId": 36960791, "dueDate": "NA", "amount": "NA", "isRead": "N", "docId": 116688721, "applnCd": "APLAC", "appDefId": null, "pdfDownloadURL": null, "status": null, "action": null, "insertTmstmp": "02/05/2024 10:53:12", "apprAuth": null, "authStatus": "APR", "suppDcxTxofr": null, "suppDocId": null}, {"noticeOrderId": "ZA330424256685E", "issuedBy": "Tamil Nadu", "type": "Order", "dtOfIssue": "30/04/2024", "descr": "Registration Certificate", "applnId": 36933392, "dueDate": "NA", "amount": "NA", "isRead": "N", "docId": 116620418, "applnCd": "APLAC", "appDefId": null, "pdfDownloadURL": null, "status": null, "action": null, "insertTmstmp": "30/04/2024 16:35:27", "apprAuth": null, "authStatus": "APR", "suppDcxTxofr": null, "suppDocId": null}, {"noticeOrderId": "ZA330922140366N", "issuedBy": "System Generated", "type": "Notice", "dtOfIssue": "25/09/2022", "descr": "Notice to return defaulter u/s 46 for not filing return", "applnId": null, "dueDate": "10/10/2022", "amount": "NA", "isRead": "N", "docId": null, "applnCd": "APL3A", "appDefId": "38633745", "pdfDownloadURL": "/returns/auth/gstr3a", "status": null, "action": null, "insertTmstmp": "25/09/2022 10:07:43", "apprAuth": null, "authStatus": null, "suppDcxTxofr": null, "suppDocId": null}, {"noticeOrderId": "ZA3309211001653", "issuedBy": "Tamil Nadu", "type": "Order", "dtOfIssue": "22/09/2021", "descr": "Registration Certificate", "applnId": 16796528, "dueDate": "NA", "amount": "NA", "isRead": "N", "docId": 78285062, "applnCd": "APCFC", "appDefId": null, "pdfDownloadURL": null, "status": null, "action": null, "insertTmstmp": "22/09/2021 10:21:13", "apprAuth": null, "authStatus": "APR", "suppDcxTxofr": null, "suppDocId": null}, {"noticeOrderId": "ZA330921050870P", "issuedBy": "Tamil Nadu", "type": "Notice", "dtOfIssue": "13/09/2021", "descr": "Notice for Seeking Additional Information / Clarification / Documents relating to Application for Amendment", "applnId": 16796528, "dueDate": "22/09/2021", "amount": "NA", "isRead": "Y", "docId": 77827808, "applnCd": "APCFC", "appDefId": null, "pdfDownloadURL": null, "status": null, "action": null, "insertTmstmp": "13/09/2021 10:53:33", "apprAuth": null, "authStatus": "APR", "suppDcxTxofr": null, "suppDocId": null}, {"noticeOrderId": "ZA330921029169J", "issuedBy": "Tamil Nadu", "type": "Order", "dtOfIssue": "07/09/2021", "descr": "Registration Certificate", "applnId": 16747817, "dueDate": "NA", "amount": "NA", "isRead": "N", "docId": 77604291, "applnCd": "APCFC", "appDefId": null, "pdfDownloadURL": null, "status": null, "action": null, "insertTmstmp": "07/09/2021 13:54:13", "apprAuth": null, "authStatus": "APR", "suppDcxTxofr": null, "suppDocId": null}, {"noticeOrderId": "ZA330821068651L", "issuedBy": "Tamil Nadu", "type": "Order", "dtOfIssue": "16/08/2021", "descr": "Registration Rejection Order", "applnId": 16231479, "dueDate": "NA", "amount": "NA", "isRead": "Y", "docId": 76507649, "applnCd": "APLAC", "appDefId": null, "pdfDownloadURL": null, "status": null, "action": null, "insertTmstmp": "16/08/2021 09:54:23", "apprAuth": null, "authStatus": "RJT", "suppDcxTxofr": null, "suppDocId": null}, {"noticeOrderId": "ZA330821015197S", "issuedBy": "Tamil Nadu", "type": "Notice", "dtOfIssue": "04/08/2021", "descr": "Notice for Seeking Additional Information / Clarification / Documents relating to Application for Amendment", "applnId": 16231479, "dueDate": "13/08/2021", "amount": "NA", "isRead": "Y", "docId": 75922365, "applnCd": "APLAC", "appDefId": null, "pdfDownloadURL": null, "status": null, "action": null, "insertTmstmp": "04/08/2021 14:52:07", "apprAuth": null, "authStatus": "RJT", "suppDcxTxofr": null, "suppDocId": null}, {"noticeOrderId": "ZA330120004181O", "issuedBy": "Tamil Nadu", "type": "Order", "dtOfIssue": "02/01/2020", "descr": "Registration Certificate", "applnId": 11280592, "dueDate": "NA", "amount": "NA", "isRead": "N", "docId": 56634511, "applnCd": "APLAC", "appDefId": null, "pdfDownloadURL": null, "status": null, "action": null, "insertTmstmp": "02/01/2020 16:35:25", "apprAuth": null, "authStatus": "APR", "suppDcxTxofr": null, "suppDocId": null}, {"noticeOrderId": "ZA331219034244U", "issuedBy": "Tamil Nadu", "type": "Order", "dtOfIssue": "09/12/2019", "descr": "Registration Certificate", "applnId": 10951970, "dueDate": "NA", "amount": "NA", "isRead": "N", "docId": 55728948, "applnCd": "APLAC", "appDefId": null, "pdfDownloadURL": null, "status": null, "action": null, "insertTmstmp": "09/12/2019 14:05:16", "apprAuth": null, "authStatus": "APR", "suppDcxTxofr": null, "suppDocId": null}]